{"cameraMode":{"drawMode":0,"name":"Shaded","section":"Shading Mode"},"sceneLighting":true,"audioPlay":false,"sceneViewState":{"m_AlwaysRefresh":false,"showFog":true,"showSkybox":true,"showFlares":true,"showImageEffects":true,"showParticleSystems":true,"showVisualEffectGraphs":true,"m_FxEnabled":true},"in2DMode":false,"pivot":{"x":0.2269449234008789,"y":3.0837581157684328,"z":0.33640480041503909},"rotation":{"x":-0.510771632194519,"y":-0.48828262090682986,"z":0.5216266512870789,"w":-0.47812941670417788},"size":26.246414184570314,"orthographic":true}