{"cameraMode":{"drawMode":0,"name":"Shaded","section":"Shading Mode"},"sceneLighting":false,"audioPlay":false,"sceneViewState":{"m_AlwaysRefresh":false,"showFog":true,"showSkybox":false,"showFlares":true,"showImageEffects":true,"showParticleSystems":true,"showVisualEffectGraphs":true,"m_FxEnabled":true},"in2DMode":false,"pivot":{"x":-0.14999999105930329,"y":1.2200000286102296,"z":-7.349999904632568},"rotation":{"x":-0.32329100370407107,"y":-0.6544309258460999,"z":0.36683499813079836,"w":-0.5767519474029541},"size":0.8139103055000305,"orthographic":true}